game_id,event_id,period,clock,description,fouled_player_name,fouled_team_tricode,committing_player_name,committing_team_tricode,caller_official_name,landing_foul,note,timestamp
0022200026,346,3,PT11M04.00S,"Caldwell-Pope S.FOUL (P2.T1) (C.Kirkland)","S. Curry",GSW,"K. Caldwell-Pope",DEN,C.Kirkland,YES,"",2026-06-30T15:31:18.836Z
0021900770,115,1,PT03M11.00S,"Wagner S.FOUL (P1.T2) (K.Scott)","S. Curry",DAL,"M. Wagner",WAS,K.Scott,YES,"",2026-06-30T15:13:58.745Z
0022400918,567,4,PT04M45.00S,"Vanderbilt S.FOUL (P3.T3) (J.Goldenberg)","D. White",BOS,"J. Vanderbilt",LAL,J.Goldenberg,NO,"",2026-06-30T15:14:14.907Z
0021900282,542,3,PT00M11.50S,"Turner S.FOUL (P1.PN) (K.Lane)","J. Harden",HOU,"E. Turner",ATL,K.Lane,YES,"",2026-06-30T15:14:26.482Z
0022300078,348,2,PT01M34.00S,"Porter Jr. S.FOUL (P1.PN) (T.Maddox)","M. Smart",MEM,"M. Porter Jr.",DEN,T.Maddox,NO,"",2026-06-30T15:14:33.268Z
0022100478,137,2,PT11M29.00S,"Stephenson S.FOUL (P1.T1) (A.Smith)","I. Joe",PHI,"L. Stephenson",ATL,A.Smith,YES,"",2026-06-30T15:14:41.279Z
0022400726,171,1,PT00M01.00S,"Strawther S.FOUL (P1.PN) (J.Goldenberg)","J. Hawkins",NOP,"J. Strawther",DEN,J.Goldenberg,NO,"",2026-06-30T15:14:59.561Z
0022100983,282,2,PT01M36.00S,"Adebayo S.FOUL (P1.T1) (Z.Zarba)","D. Booker",PHX,"B. Adebayo",MIA,Z.Zarba,YES,"",2026-06-30T15:15:07.007Z
0022000354,486,4,PT11M32.00S,"Thybulle S.FOUL (P2.T1) (K.Lane)","L. Shamet",BKN,"M. Thybulle",PHI,K.Lane,YES,"Somewhat borderline as to whether Thybulle contacts Shamet in the arm prior to Shamet landing on Thybulle",2026-06-30T15:15:16.691Z
0022200763,572,4,PT01M37.00S,"Hart S.FOUL (P4.T4) (B.Kennedy)","D. Murray",ATL,"J. Hart",POR,B.Kennedy,YES,"",2026-06-30T15:15:41.196Z
0022100916,524,4,PT08M48.00S,"Coffey S.FOUL (P3.T2) (E.Malloy)","G. Mathews",HOU,"A. Coffey",LAC,E.Malloy,YES,"",2026-06-30T15:15:46.505Z
0022000679,26,1,PT09M52.00S,"Barrett S.FOUL (P1.T2) (R.Acosta)","G. Mathews",WAS,"R. Barrett",NYK,R.Acosta,YES,"",2026-06-30T15:15:55.513Z
0022200203,123,1,PT00M25.80S,"Eason S.FOUL (P1.T2) (J.Tiven)","P. George",LAC,"T. Eason",HOU,J.Tiven,NO,"",2026-06-30T15:16:00.091Z
0022000437,535,4,PT09M21.00S,"Hartenstein S.FOUL (P3.T2) (D.Mosher)","D. Bertans",WAS,"I. Hartenstein",DEN,D.Mosher,NO,"",2026-06-30T15:16:29.524Z
0022000078,680,4,PT02M08.00S,"Simons S.FOUL (P4.T4) (M.Ayotte)","J. Poole",GSW,"A. Simons",POR,M.Ayotte,YES,"",2026-06-30T15:16:41.028Z
0021900474,365,3,PT08M34.00S,"Redick S.FOUL (P1.T1) (D.Guthrie)","J. Lamb",IND,"J. Redick",NOP,D.Guthrie,NO,"",2026-06-30T15:17:03.946Z
0022400302,317,3,PT10M50.00S,"Prince S.FOUL (P3.T1) (S.Twardoski)","M. Brogdon",WAS,"T. Prince",MIL,S.Twardoski,NO,"",2026-06-30T15:17:14.700Z
0022400219,645,4,PT00M03.20S,"Hart S.FOUL (P3.PN) (R.Acosta)","C. White",CHI,"J. Hart",NYK,R.Acosta,NO,"",2026-06-30T15:17:22.291Z
0022400284,328,2,PT01M41.00S,"Payton II S.FOUL (P2.PN) (J.Orr)","C. Thomas",BKN,"G. Payton II",GSW,J.Orr,YES,"",2026-06-30T15:17:37.924Z
0021900841,85,1,PT05M19.00S,"Gordon S.FOUL (P2.PN) (B.Kennedy)","D. Mitchell",UTA,"E. Gordon",HOU,B.Kennedy,NO,"Contact occurs before the ball has left shooter's hand",2026-06-30T15:17:39.835Z
0022001046,255,2,PT04M03.00S,"McLemore S.FOUL (P2.T3) (E.Dalen)","A. Brooks",HOU,"B. McLemore",LAL,E.Dalen,NO,"",2026-06-30T15:18:10.624Z
0022400709,246,2,PT04M56.00S,"Camara S.FOUL (P2.PN) (T.Ford)","D. Booker",PHX,"T. Camara",POR,T.Ford,YES,"",2026-06-30T15:18:20.046Z
0022200597,20,1,PT09M50.00S,"Anunoby S.FOUL (P1.T1) (N.Sago)","A. Simons",POR,"O. Anunoby",TOR,N.Sago,YES,"",2026-06-30T15:18:26.586Z
0022200123,135,1,PT01M08.00S,"Avdija S.FOUL (P1.T4) (M.Myers)","K. Durant",BKN,"D. Avdija",WAS,M.Myers,NO,"",2026-06-30T15:18:50.583Z
0022201110,390,3,PT05M32.00S,"Tucker S.FOUL (P3.T3) (J.Williams)","C. Paul",PHX,"P. Tucker",PHI,J.Williams,YES,"",2026-06-30T15:18:56.500Z
0022100255,567,4,PT05M18.00S,"Robinson-Earl S.FOUL (P2.T2) (C.Blair)","T. Young",ATL,"J. Robinson-Earl",OKC,C.Blair,NO,"",2026-06-30T15:19:01.789Z
0022201125,532,4,PT10M59.00S,"Toscano-Anderson S.FOUL (P3.T1) (Z.Zarba)","C. Payne",PHX,"J. Toscano-Anderson",UTA,Z.Zarba,NO,"",2026-06-30T15:19:08.450Z
0022300658,583,4,PT05M38.00S,"Harden S.FOUL (P2.T3) (S.Foster)","M. Strus",CLE,"J. Harden",LAC,S.Foster,NO,"",2026-06-30T15:19:15.569Z
0022201129,22,1,PT10M10.00S,"LaVine S.FOUL (P1.T2) (R.Acosta)","E. Gordon",LAC,"Z. LaVine",CHI,R.Acosta,NO,"Gordon pumps defender into the air and jumps their shot into them",2026-06-30T15:19:17.410Z
0022401228,668,4,PT01M03.00S,"Wiggins S.FOUL (P2.PN) (E.Malloy)","K. Thompson",DAL,"A. Wiggins",GSW,E.Malloy,NO,"",2026-06-30T15:19:26.699Z
0022000219,389,3,PT07M12.00S,"Wright S.FOUL (P2.T4) (Z.Zarba)","T. Young",ATL,"D. Wright",DET,Z.Zarba,YES,"",2026-06-30T15:19:32.940Z
0022101226,27,1,PT09M21.00S,"Brooks S.FOUL (P1.T2) (J.Goble)","I. Quickley",NYK,"A. Brooks",TOR,J.Goble,NO,"Looks like contest contact is made prior to any landing zone activity",2026-06-30T15:19:34.764Z
0021900258,163,2,PT11M33.00S,"Powell S.FOUL (P2.T1) (T.Maddox)","W. Ellington",NYK,"N. Powell",TOR,T.Maddox,UNCLEAR,"borderline, contact happens in the contest area slightly prior to contact in the landing area",2026-06-30T15:20:23.261Z
0022400328,525,3,PT00M20.80S,"Mitchell S.FOUL (P4.PN) (N.Green)","S. Gilgeous-Alexander",OKC,"D. Mitchell",TOR,N.Green,YES,"",2026-06-30T15:20:33.065Z
0022300205,593,4,PT04M34.00S,"Irving S.FOUL (P3.PN) (P.Fraher)","D. Lillard",MIL,"K. Irving",DAL,P.Fraher,NO,"",2026-06-30T15:20:34.790Z
0022200813,648,4,PT00M53.40S,"Powell S.FOUL (P3.PN) (N.Sago)","J. Clarkson",UTA,"D. Powell",DAL,N.Sago,YES,"",2026-06-30T15:21:18.140Z
0022000436,508,4,PT09M02.00S,"Gibson S.FOUL (P2.T1) (J.Conley)","T. Ross",ORL,"T. Gibson",NYK,J.Conley,YES,"",2026-06-30T15:21:29.794Z
0022000849,383,3,PT06M22.00S,"Anthony S.FOUL (P2.T2) (H.Workman)","C. Boucher",TOR,"C. Anthony",ORL,H.Workman,NO,"",2026-06-30T15:22:01.205Z
0022400819,543,3,PT01M21.00S,"Merrill S.FOUL (P3.PN) (N.Buchert)","D. Bane",MEM,"S. Merrill",CLE,N.Buchert,NO,"",2026-06-30T15:22:03.591Z
0022401031,140,1,PT00M03.90S,"Brissett S.FOUL (P1.T2) (M.Myers)","G. Niang",ATL,"O. Brissett",PHI,M.Myers,NO,"Contact made to the hands and arms of shooter after release, but not landing",2026-06-30T15:22:05.451Z
0022100994,212,2,PT07M22.00S,"Bjelica S.FOUL (P1.T2) (S.Twardoski)","B. Forbes",DEN,"N. Bjelica",GSW,S.Twardoski,YES,"",2026-06-30T15:22:13.935Z
0021900774,304,2,PT00M02.70S,"Covington S.FOUL (P2.PN) (Z.Zarba)","D. Booker",PHX,"R. Covington",HOU,Z.Zarba,NO,"Looks closer to a contest call",2026-06-30T15:22:15.455Z
0022301155,667,4,PT00M36.10S,"Spencer S.FOUL (P1.PN) (J.Goldenberg)","M. Lewis",LAL,"P. Spencer",GSW,J.Goldenberg,YES,"",2026-06-30T15:22:16.776Z
0022400996,478,3,PT00M55.20S,"James S.FOUL (P3.PN) (D.Collins)","G. Trent Jr.",MIL,"B. James",LAL,D.Collins,YES,"",2026-06-30T15:22:26.565Z
0022300850,590,4,PT02M28.00S,"Suggs S.FOUL (P5.T4) (J.Conley)","K. George",UTA,"J. Suggs",ORL,J.Conley,UNCLEAR,"The landing contact is unambiguously clear; however it's unclear whether the shooter got hit in the face prior to the landing contact.",2026-06-30T15:22:28.466Z
0022400493,199,2,PT08M45.00S,"Avdija S.FOUL (P2.T2) (D.Scott)","C. Cunningham",DET,"D. Avdija",POR,D.Scott,NO,"Contest level",2026-06-30T15:22:30.000Z
0022000548,445,3,PT02M16.00S,"Arcidiacono S.FOUL (P1.T2) (T.Washington)","J. Redick",NOP,"R. Arcidiacono",CHI,T.Washington,YES,"",2026-06-30T15:22:41.351Z
0021900161,191,2,PT10M23.00S,"Olynyk S.FOUL (P2.T2) (P.Ransom)","K. Love",CLE,"K. Olynyk",MIA,P.Ransom,NO,"",2026-06-30T15:22:48.633Z
0021900504,437,3,PT06M09.00S,"Frazier Jr. S.FOUL (P4.T2) (J.Goble)","G. Mathews",WAS,"M. Frazier Jr.",ORL,J.Goble,YES,"",2026-06-30T15:22:49.997Z
0022200070,72,1,PT05M31.00S,"Hunter S.FOUL (P1.T2) (B.Barnaky)","B. Bogdanović",DET,"D. Hunter",ATL,B.Barnaky,YES,"",2026-06-30T15:23:09.506Z
0022401205,586,4,PT03M01.00S,"Moore Jr. S.FOUL (P1.T1) (J.Conley)","D. Peterson",BOS,"W. Moore Jr.",DET,J.Conley,NO,"",2026-06-30T15:23:22.295Z
0022301007,559,4,PT04M24.00S,"Schroder S.FOUL (P4.T1) (D.Taylor)","D. Lillard",MIL,"D. Schröder",BKN,D.Taylor,UNCLEAR,"Borderline- defender moves into player's area after shot release, they make upper body contact before they fully go into the landing space",2026-06-30T15:23:23.950Z
0021900613,24,1,PT09M51.00S,"Green S.FOUL (P1.T1) (S.Twardoski)","W. Iwundu",ORL,"D. Green",LAL,S.Twardoski,NO,"",2026-06-30T15:23:46.678Z
0022000566,405,3,PT10M02.00S,"Morant S.FOUL (P2.T1) (A.Moyer-Gleich)","G. Mathews",WAS,"J. Morant",MEM,,NO,"",2026-06-30T15:23:54.862Z
0021900550,457,3,PT01M59.00S,"Nader S.FOUL (P4.T4) (M.Kogut)","C. LeVert",BKN,"A. Nader",OKC,M.Kogut,YES,"",2026-06-30T15:24:03.616Z
0022300386,320,2,PT01M29.00S,"Poole S.FOUL (P2.T3) (G.Petraitis)","S. Curry",GSW,"J. Poole",WAS,G.Petraitis,YES,"",2026-06-30T15:24:14.237Z
0022400998,645,4,PT01M07.00S,"Siakam S.FOUL (P4.PN) (J.Goldenberg)","M. Christie",DAL,"P. Siakam",IND,J.Goldenberg,NO,"",2026-06-30T15:24:18.736Z
0022200738,605,4,PT00M28.90S,"Butler S.FOUL (P1.PN) (T.Ford)","P. Banchero",ORL,"J. Butler III",MIA,T.Ford,YES,"",2026-06-30T15:24:45.904Z
0022400390,571,4,PT10M30.00S,"Murray S.FOUL (P2.T1) (J.Williams)","D. Murray",NOP,"J. Murray",DEN,J.Williams,YES,"",2026-06-30T15:24:55.828Z
0021900420,352,3,PT09M29.00S,"Jackson Jr. S.FOUL (P2.T2) (T.Brothers)","K. Love",CLE,"J. Jackson Jr.",MEM,T.Brothers,NO,"",2026-06-30T15:25:04.072Z
0022400885,306,2,PT00M49.90S,"Hield S.FOUL (P1.PN) (C.Washington)","J. Brunson",NYK,"B. Hield",GSW,C.Washington,UNCLEAR,"The clip doesn't show the foul",2026-06-30T15:25:05.684Z
0022200831,10,1,PT10M59.00S,"F. Wagner S.FOUL (P1.T1) (E.Scott)","M. Porter Jr.",DEN,"F. Wagner",ORL,E.Scott,YES,"",2026-06-30T15:25:15.066Z
0022100250,201,2,PT10M51.00S,"White S.FOUL (P1.T1) (M.Kogut)","A. Burks",NYK,"C. White",CHI,M.Kogut,NO,"Arm contact slightly after the shot but not near a landing area",2026-06-30T15:25:16.592Z
0022301101,201,2,PT10M12.00S,"Theis S.FOUL (P1.T3) (S.Foster)","D. Fox",SAC,"D. Theis",LAC,S.Foster,UNCLEAR,"No foul in clip",2026-06-30T15:25:33.251Z
0022300207,11,1,PT11M35.00S,"Dort S.FOUL (P1.T1) (B.Adair)","K. Thompson",GSW,"L. Dort",OKC,B.Adair,UNCLEAR,"",2026-06-30T15:25:58.489Z
0022100070,23,1,PT10M34.00S,"Melton S.FOUL (P1.T1) (E.Dalen)","S. Curry",GSW,"D. Melton",MEM,E.Dalen,YES,"",2026-06-30T15:26:00.506Z
0022000045,59,1,PT06M07.00S,"Schroder S.FOUL (P1.T2) (N.Green)","D. Lillard",POR,"D. Schröder",LAL,N.Green,NO,"",2026-06-30T15:26:09.500Z
0022401048,191,2,PT07M35.00S,"Kolek S.FOUL (P1.T2) (T.Brothers)","S. Dinwiddie",DAL,"T. Kolek",NYK,T.Brothers,YES,"",2026-06-30T15:26:16.537Z
0022401001,391,3,PT07M32.00S,"Williamson S.FOUL (P2.T2) (K.Lane)","A. Edwards",MIN,"Z. Williamson",NOP,K.Lane,YES,"",2026-06-30T15:26:25.057Z
0022000114,603,4,PT00M47.60S,"Ball S.FOUL (P4.PN) (J.Capers)","S. Gilgeous-Alexander",OKC,"L. Ball",NOP,J.Capers,NO,"",2026-06-30T15:26:31.387Z
0021900502,383,3,PT06M09.00S,"Chriss S.FOUL (P3.T1) (A.Nagy)","T. Lyles",SAS,"M. Chriss",GSW,A.Nagy,YES,"",2026-06-30T15:26:32.902Z
0022401148,582,4,PT05M21.00S,"Carrington S.FOUL (P3.T2) (S.Twardoski)","T. Haliburton",IND,"B. Carrington",WAS,S.Twardoski,UNCLEAR,"",2026-06-30T15:26:57.512Z
0022000435,597,4,PT04M20.00S,"Mills S.FOUL (P1.PN) (P.Fraher)","D. Garland",CLE,"P. Mills",SAS,P.Fraher,NO,"",2026-06-30T15:27:29.446Z
0022400570,170,2,PT10M16.00S,"Milton S.FOUL (P1.T2) (J.Butler)","D. Robinson",MIA,"S. Milton",LAL,J.Butler,NO,"",2026-06-30T15:27:40.979Z
0022000120,351,2,PT01M25.00S,"Marjanovic S.FOUL (P2.PN) (A.Moyer-Gleich)","P. Millsap",DEN,"B. Marjanović",DAL,,YES,"",2026-06-30T15:27:48.606Z
0022000344,318,3,PT11M26.00S,"Williams S.FOUL (P2.T1) (E.Lewis)","J. Ennis III",ORL,"P. Williams",CHI,E.Lewis,YES,"",2026-06-30T15:27:50.901Z
0022100369,373,3,PT07M34.00S,"Turner S.FOUL (P1.T1) (B.Adair)","R. Barrett",NYK,"M. Turner",IND,B.Adair,YES,"",2026-06-30T15:27:52.279Z
0022100978,41,1,PT08M17.00S,"Hayes S.FOUL (P1.T2) (K.Fitzgerald)","Z. Williams",MEM,"J. Hayes",NOP,K.Fitzgerald,NO,"",2026-06-30T15:27:58.508Z
0021900209,653,4,PT05M07.00S,"Harrison S.FOUL (P3.T4) (A.Moyer-Gleich)","L. Galloway",DET,"S. Harrison",CHI,,YES,"",2026-06-30T15:28:04.606Z
0022400778,157,1,PT01M25.00S,"Highsmith S.FOUL (P1.PN) (B.Nansel)","S. Gilgeous-Alexander",OKC,"H. Highsmith",MIA,B.Nansel,YES,"",2026-06-30T15:28:06.360Z
0022401166,60,1,PT06M21.00S,"Sheppard S.FOUL (P1.T1) (E.Malloy)","J. Harden",LAC,"R. Sheppard",HOU,E.Malloy,YES,"",2026-06-30T15:28:22.322Z
0022200658,123,1,PT02M09.00S,"Osman S.FOUL (P1.PN) (R.Acosta)","D. Graham",NOP,"C. Osman",CLE,R.Acosta,NO,"",2026-06-30T15:28:34.526Z
0022201211,528,4,PT11M17.00S,"Dozier S.FOUL (P3.T2) (B.Forte)","J. Poole",GSW,"P. Dozier",SAC,B.Forte,YES,"",2026-06-30T15:28:40.880Z
0021901266,292,2,PT02M07.00S,"VanVleet S.FOUL (P2.PN) (J.Williams)","E. Fournier",ORL,"F. VanVleet",TOR,J.Williams,YES,"",2026-06-30T15:28:42.951Z
0022300108,27,1,PT09M49.00S,"Hawkins S.FOUL (P1.T2) (D.Mosher)","S. Curry",GSW,"J. Hawkins",NOP,D.Mosher,YES,"",2026-06-30T15:28:50.085Z
0021900061,718,4,PT00M07.70S,"Tucker S.FOUL (P5.PN) (J.Capers)","B. Beal",WAS,"P. Tucker",HOU,J.Capers,NO,"",2026-06-30T15:28:55.819Z
0022400989,185,2,PT10M58.00S,"Williams S.FOUL (P2.T2) (J.Butler)","J. Clarkson",UTA,"P. Williams",CHI,J.Butler,UNCLEAR,"",2026-06-30T15:29:28.238Z
0022300325,45,1,PT09M02.00S,"Podziemski S.FOUL (P1.T1) (T.Brothers)","J. Harden",LAC,"B. Podziemski",GSW,T.Brothers,YES,"",2026-06-30T15:29:38.357Z
0022100002,156,1,PT01M39.00S,"Anthony S.FOUL (P2.PN) (R.Acosta)","S. Curry",GSW,"C. Anthony",LAL,R.Acosta,YES,"",2026-06-30T15:29:44.506Z
0022200484,380,3,PT09M09.00S,"Siakam S.FOUL (P2.T2) (T.Ford)","K. Love",CLE,"P. Siakam",TOR,T.Ford,YES,"",2026-06-30T15:29:46.037Z
0021901247,540,3,PT00M16.60S,"Bazemore S.FOUL (P5.PN) (E.Malloy)","T. Ross",ORL,"K. Bazemore",SAC,E.Malloy,NO,"",2026-06-30T15:29:54.356Z
0022401222,381,3,PT11M47.00S,"Martin S.FOUL (P3.T1) (S.Wright)","B. Miller",CHA,"K. Martin",PHI,S.Wright,YES,"",2026-06-30T15:30:02.163Z
0022200779,268,2,PT05M49.00S,"Osman S.FOUL (P1.T2) (T.Brothers)","S. Aldama",MEM,"C. Osman",CLE,T.Brothers,NO,"",2026-06-30T15:30:10.962Z
0021900250,138,1,PT02M08.00S,"Burton S.FOUL (P1.PN) (T.Brothers)","G. Robinson III",GSW,"D. Burton",OKC,T.Brothers,YES,"",2026-06-30T15:30:18.793Z
0022200240,627,4,PT00M54.40S,"Okogie S.FOUL (P3.PN) (T.Ford)","I. Hartenstein",NYK,"J. Okogie",PHX,T.Ford,UNCLEAR,"This isn't the clip depicted",2026-06-30T15:30:38.827Z
0022101091,92,1,PT04M22.00S,"F. Wagner S.FOUL (P2.T3) (P.Fraher)","T. Mann",OKC,"F. Wagner",ORL,P.Fraher,NO,"",2026-06-30T15:30:50.357Z
0022001006,464,3,PT05M12.00S,"Forbes S.FOUL (P1.T3) (D.Taylor)","K. Olynyk",HOU,"B. Forbes",MIL,D.Taylor,NO,"Olynyk pumps defender into the air and jumps into them",2026-06-30T15:30:51.909Z
0022400528,589,4,PT05M40.00S,"Carter S.FOUL (P3.PN) (B.Barnaky)","J. Brown",BOS,"D. Carter",SAC,B.Barnaky,NO,"Brown pumps his defender into the air and collides with him as he actually goes to shoot it",2026-06-30T15:30:53.092Z
0022400962,11,1,PT11M16.00S,"Bane S.FOUL (P1.T1) (M.Kallio)","M. Strus",CLE,"D. Bane",MEM,M.Kallio,NO,"",2026-06-30T15:30:57.489Z
0021900231,165,2,PT10M35.00S,"Bazemore S.FOUL (P1.T1) (P.Fraher)","J. Clarkson",CLE,"K. Bazemore",POR,P.Fraher,NO,"",2026-06-30T15:30:59.052Z
0022101197,574,4,PT00M22.30S,"Achiuwa S.FOUL (P1.PN) (N.Buchert)","J. Embiid",PHI,"P. Achiuwa",TOR,N.Buchert,NO,"Contest, Embiid pumps Achiuwa to leave his feet and he jumps into him as he's shooting",2026-06-30T15:31:00.226Z
0022301155,174,1,PT00M02.30S,"Kuminga S.FOUL (P1.T4) (J.Van Duyne)","D. Russell",LAL,"J. Kuminga",GSW,,NO,"Contest level",2026-06-30T15:31:01.577Z
0022300449,149,2,PT11M16.00S,"Morant S.FOUL (P1.T1) (M.Kallio)","D. Fox",SAC,"J. Morant",MEM,M.Kallio,YES,"",2026-06-30T15:31:03.118Z
0022100803,635,4,PT02M02.00S,"Hayes S.FOUL (P4.T4) (M.Myers)","D. Russell",MIN,"K. Hayes",DET,M.Myers,NO,"Contest level on the arm/hand",2026-06-30T15:31:04.231Z
0022300109,139,1,PT02M57.00S,"Burks S.FOUL (P2.T2) (L.Holtkamp)","D. Bertans",OKC,"A. Burks",DET,L.Holtkamp,YES,"",2026-06-30T15:31:05.501Z
0022301012,125,1,PT03M29.00S,"Ramsey S.FOUL (P1.T2) (T.Ford)","I. Joe",OKC,"J. Ramsey",TOR,T.Ford,YES,"",2026-06-30T14:39:36.028Z
0022200243,469,3,PT03M14.00S,"Roddy S.FOUL (P3.T3) (D.Scott)","K. Durant",BKN,"D. Roddy",MEM,D.Scott,YES,"Borderline but my lean is landing",2026-06-30T14:39:42.810Z
0022000008,409,3,PT06M20.00S,"Burke S.FOUL (P3.T4) (K.Cutler)","D. Schröder",LAL,"T. Burke",DAL,K.Cutler,UNCLEAR,"Borderline, lean contest foul more",2026-06-30T14:39:47.791Z
0022400503,536,4,PT10M25.00S,"Champagnie S.FOUL (P3.T2) (R.Hussey)","F. VanVleet",HOU,"J. Champagnie",WAS,R.Hussey,NO,"",2026-06-30T14:40:19.448Z
0022201150,575,4,PT00M10.50S,"Maxey S.FOUL (P2.PN) (D.Guthrie)","F. VanVleet",TOR,"T. Maxey",PHI,D.Guthrie,NO,"Contest foul",2026-06-30T14:40:22.975Z
0021900962,7,1,PT11M48.00S,"Harrison S.FOUL (P1.T1) (T.Washington)","K. Love",CLE,"S. Harrison",CHI,T.Washington,NO,"",2026-06-30T14:40:24.615Z
0022101094,443,3,PT05M34.00S,"Murray S.FOUL (P1.T4) (J.Tiven)","B. McLemore",POR,"D. Murray",SAS,J.Tiven,NO,"",2026-06-30T14:40:37.436Z
0022101050,534,4,PT09M21.00S,"Satoransky S.FOUL (P5.PN) (E.Dalen)","I. Quickley",NYK,"T. Satoransky",WAS,E.Dalen,NO,"Contact is made as shooter is going up",2026-06-30T14:40:39.998Z
0022301192,184,2,PT09M33.00S,"Wilson S.FOUL (P1.T1) (A.Nagy)","B. Hield",PHI,"J. Wilson",BKN,A.Nagy,NO,"Hacks him on the arm after the shot is released",2026-06-30T14:41:16.760Z
0022000552,265,2,PT04M06.00S,"Johnson S.FOUL (P2.T2) (B.Barnaky)","K. Walker",BOS,"S. Johnson",TOR,B.Barnaky,YES,"",2026-06-30T14:41:25.663Z
0022200875,411,3,PT01M43.00S,"McDaniels S.FOUL (P1.T4) (N.Buchert)","D. Mitchell",CLE,"J. McDaniels",PHI,N.Buchert,YES,"",2026-06-30T14:41:36.257Z
0022300913,7,1,PT11M46.00S,"Capela S.FOUL (P1.T1) (P.Fraher)","J. Jackson Jr.",MEM,"C. Capela",ATL,P.Fraher,YES,"",2026-06-30T14:41:45.413Z
0022000061,386,3,PT05M42.00S,"Beverley S.FOUL (P3.T4) (S.Foster)","D. Lillard",POR,"P. Beverley",LAC,S.Foster,NO,"Contest level",2026-06-30T14:41:47.356Z
0022000155,201,2,PT07M53.00S,"Trent Jr. S.FOUL (P1.T1) (S.Jelks)","K. Lowry",TOR,"G. Trent Jr.",POR,S.Jelks,NO,"",2026-06-30T14:41:51.443Z
0022101165,268,2,PT02M36.00S,"Bogdanovic S.FOUL (P1.T3) (J.Orr)","J. Poole",GSW,"B. Bogdanović",UTA,J.Orr,YES,"",2026-06-30T14:42:07.390Z
0022200665,359,3,PT10M08.00S,"VanVleet S.FOUL (P2.T1) (B.Kennedy)","G. Allen",MIL,"F. VanVleet",TOR,B.Kennedy,YES,"",2026-06-30T14:42:09.308Z
0022400978,308,2,PT03M51.00S,"Wilson S.FOUL (P1.T3) (J.Goble)","T. Young",ATL,"J. Wilson",BKN,J.Goble,NO,"",2026-06-30T14:42:16.802Z
0022400482,572,4,PT05M29.00S,"Hart S.FOUL (P3.T3) (J.Goldenberg)","Z. LaVine",CHI,"J. Hart",NYK,J.Goldenberg,NO,"Contest",2026-06-30T14:42:18.595Z
0022100645,371,3,PT08M16.00S,"Curry S.FOUL (P2.T1) (B.Schwab)","M. Strus",MIA,"S. Curry",PHI,B.Schwab,YES,"",2026-06-30T14:42:20.710Z
0021901311,374,3,PT11M16.00S,"Valanciunas S.FOUL (P3.T2) (B.Taylor)","B. Lopez",MIL,"J. Valančiūnas",MEM,B.Taylor,YES,"",2026-06-30T14:42:27.807Z
0022301061,171,2,PT11M29.00S,"Beverley S.FOUL (P1.T1) (P.Ransom)","J. Hawkins",NOP,"P. Beverley",MIL,P.Ransom,YES,"",2026-06-30T14:42:38.307Z
0021900719,448,3,PT03M58.00S,"Bazemore S.FOUL (P1.PN) (M.Boland)","L. Williams",LAC,"K. Bazemore",SAC,M.Boland,NO,"",2026-06-30T14:42:52.498Z
0022400825,341,3,PT08M53.00S,"Wiggins S.FOUL (P1.T1) (M.Lindsay)","T. Young",ATL,"A. Wiggins",MIA,M.Lindsay,NO,"Reach-In/Contest/Rip-through",2026-06-30T14:42:54.808Z
0021900333,734,4,PT00M13.70S,"Tucker S.FOUL (P5.PN) (M.Kogut)","D. Booker",PHX,"P. Tucker",HOU,M.Kogut,YES,"",2026-06-30T14:43:00.831Z
0022400466,117,1,PT02M14.00S,"Mitchell S.FOUL (P1.T3) (J.Williams)","K. Porter Jr.",LAC,"A. Mitchell",OKC,J.Williams,YES,"",2026-06-30T14:43:03.083Z
0022300879,676,4,PT00M06.70S,"Stevens S.FOUL (P2.PN) (M.Ervin)","M. Bridges",BKN,"L. Stevens",MEM,M.Ervin,YES,"",2026-06-30T14:43:13.244Z
0022200978,357,3,PT10M33.00S,"Fultz S.FOUL (P2.T1) (J.DeRosa)","K. Middleton",MIL,"M. Fultz",ORL,J.DeRosa,NO,"",2026-06-30T14:43:19.026Z
0022000836,490,3,PT00M33.70S,"Jerome S.FOUL (P2.PN) (N.Green)","S. Curry",GSW,"T. Jerome",OKC,N.Green,NO,"",2026-06-30T14:43:43.178Z
0022100915,584,4,PT06M53.00S,"Hayes S.FOUL (P2.T4) (E.Lewis)","T. Rozier",CHA,"K. Hayes",DET,E.Lewis,YES,"",2026-06-30T14:43:53.681Z
0022000204,14,1,PT10M49.00S,"Osman S.FOUL (P1.T1) (S.Wright)","D. Bertans",WAS,"C. Osman",CLE,S.Wright,UNCLEAR,"",2026-06-30T14:44:13.963Z
0022200856,293,2,PT01M37.00S,"Poeltl S.FOUL (P3.PN) (N.Green)","B. Bogdanović",DET,"J. Poeltl",TOR,N.Green,YES,"",2026-06-30T14:44:15.718Z
0022401212,116,1,PT04M05.00S,"Simpson S.FOUL (P1.T3) (J.Goble)","L. Ball",CHI,"K. Simpson",CHA,J.Goble,YES,"",2026-06-30T14:44:17.321Z
0022300299,134,1,PT01M44.00S,"Powell S.FOUL (P1.T2) (L.Holtkamp)","J. Jackson Jr.",MEM,"D. Powell",DAL,L.Holtkamp,YES,"",2026-06-30T14:44:24.591Z
0022100302,187,2,PT10M45.00S,"Flynn S.FOUL (P1.T1) (S.Foster)","J. Richardson",BOS,"M. Flynn",TOR,S.Foster,YES,"",2026-06-30T14:44:38.075Z
0021900262,327,2,PT01M29.00S,"Teague S.FOUL (P2.PN) (N.Green)","P. Mills",SAS,"J. Teague",MIN,N.Green,NO,"",2026-06-30T14:44:39.779Z
0022200884,589,4,PT05M03.00S,"Avdija S.FOUL (P4.T2) (G.Petraitis)","K. Anderson",MIN,"D. Avdija",WAS,G.Petraitis,NO,"",2026-06-30T14:44:48.825Z
0022400087,464,3,PT01M42.00S,"Strawther S.FOUL (P3.T3) (A.Abazi)","J. Harden",LAC,"J. Strawther",DEN,A.Abazi,YES,"",2026-06-30T14:44:50.601Z
0021900806,642,4,PT03M09.00S,"Walker S.FOUL (P3.PN) (J.Tiven)","J. Harden",HOU,"K. Walker",BOS,J.Tiven,YES,"",2026-06-30T14:44:51.974Z
0022300237,554,4,PT07M23.00S,"Henderson S.FOUL (P4.PN) (T.Brothers)","K. George",UTA,"S. Henderson",POR,T.Brothers,YES,"",2026-06-30T14:44:59.240Z
0022400146,37,1,PT07M07.00S,"Sochan S.FOUL (P1.T1) (D.Scott)","J. Randle",MIN,"J. Sochan",SAS,D.Scott,NO,"",2026-06-30T14:45:07.123Z
0022100979,390,3,PT08M27.00S,"Mann S.FOUL (P3.T3) (L.Wood)","K. Middleton",MIL,"T. Mann",OKC,L.Wood,NO,"",2026-06-30T14:45:20.695Z
0022100705,437,3,PT06M28.00S,"Morant S.FOUL (P3.T4) (M.Smith)","J. Brunson",DAL,"J. Morant",MEM,M.Smith,NO,"",2026-06-30T14:45:28.292Z
0022200006,527,3,PT01M55.00S,"Alvarado S.FOUL (P1.T3) (J.Butler)","K. Irving",BKN,"J. Alvarado",NOP,J.Butler,YES,"",2026-06-30T14:45:29.845Z
0021900300,97,1,PT04M17.00S,"Ross S.FOUL (P1.T3) (B.Barnaky)","D. Bertāns",WAS,"T. Ross",ORL,B.Barnaky,YES,"",2026-06-30T14:45:35.801Z
0022400846,19,1,PT09M56.00S,"Lopez S.FOUL (P1.T1) (P.Ransom)","N. Jokić",DEN,"B. Lopez",MIL,P.Ransom,NO,"",2026-06-30T14:45:42.372Z
0022100423,607,4,PT01M39.00S,"McDaniels S.FOUL (P5.T4) (J.Conley)","B. Forbes",SAS,"J. McDaniels",CHA,J.Conley,UNCLEAR,"This is a layup, not 3pt attempt",2026-06-30T14:46:09.322Z
0022300369,494,4,PT08M01.00S,"Watson S.FOUL (P1.T2) (J.Van Duyne)","G. Trent Jr.",TOR,"P. Watson",DEN,,YES,"",2026-06-30T14:46:14.675Z
0021900799,15,1,PT10M55.00S,"Murray S.FOUL (P1.T1) (L.Wood)","L. Aldridge",SAS,"J. Murray",DEN,L.Wood,NO,"",2026-06-30T14:46:36.110Z
0022301132,29,1,PT09M30.00S,"Harden S.FOUL (P1.T1) (Z.Zarba)","M. Strus",CLE,"J. Harden",LAC,Z.Zarba,YES,"",2026-06-30T14:46:46.223Z
0022100480,29,1,PT09M24.00S,"Holiday S.FOUL (P1.T2) (S.Wright)","K. Walker",NYK,"A. Holiday",WAS,S.Wright,NO,"",2026-06-30T14:46:52.831Z
0022401226,81,1,PT05M29.00S,"Sensabaugh S.FOUL (P1.T3) (D.Richardson)","J. Harden",LAC,"B. Sensabaugh",UTA,D.Richardson,NO,"",2026-06-30T14:47:06.388Z
0022000813,302,3,PT11M09.00S,"Morris Sr. S.FOUL (P2.T1) (J.Sterling)","S. Bey",DET,"M. Morris Sr.",LAC,J.Sterling,YES,"",2026-06-30T14:47:18.469Z
0021900927,132,1,PT00M33.40S,"Green S.FOUL (P1.PN) (M.Davis)","L. Williams",LAC,"J. Green",HOU,M.Davis,NO,"Lou pumps defender into the air and launches shot while colliding",2026-06-30T14:47:20.321Z
0022400239,273,2,PT06M55.00S,"Sharpe S.FOUL (P2.T2) (J.Tiven)","Z. Risacher",ATL,"S. Sharpe",POR,J.Tiven,NO,"",2026-06-30T14:47:27.105Z
0022000586,47,1,PT07M06.00S,"Ntilikina S.FOUL (P1.T1) (J.Tiven)","L. Dort",OKC,"F. Ntilikina",NYK,J.Tiven,NO,"",2026-06-30T14:47:33.742Z
0021900865,370,3,PT08M05.00S,"Thybulle S.FOUL (P3.T4) (A.Smith)","C. Sexton",CLE,"M. Thybulle",PHI,A.Smith,NO,"",2026-06-30T14:47:44.533Z
0022200855,574,4,PT03M55.00S,"Horford S.FOUL (P3.T4) (E.Lewis)","S. Aldama",MEM,"A. Horford",BOS,E.Lewis,YES,"",2026-06-30T14:47:52.523Z
0022100182,393,3,PT07M29.00S,"Je. Green S.FOUL (P1.T1) (S.Wright)","T. Young",ATL,"J. Green",DEN,S.Wright,NO,"",2026-06-30T14:48:17.471Z
0022300323,369,3,PT08M13.00S,"Camara S.FOUL (P2.T2) (C.Washington)","S. Fontecchio",UTA,"T. Camara",POR,C.Washington,YES,"",2026-06-30T14:48:26.290Z
0022200150,444,3,PT00M00.10S,"Vincent S.FOUL (P3.PN) (P.Ransom)","J. Hart",POR,"G. Vincent",MIA,P.Ransom,NO,"Contest",2026-06-30T14:48:28.095Z
0022200403,296,2,PT03M16.00S,"Kispert S.FOUL (P1.T4) (K.Cutler)","K. Durant",BKN,"C. Kispert",WAS,K.Cutler,YES,"",2026-06-30T14:49:13.140Z
0022101087,81,1,PT04M22.00S,"Williams S.FOUL (P2.T3) (Z.Zarba)","D. Mitchell",UTA,"G. Williams",BOS,Z.Zarba,NO,"",2026-06-30T14:49:20.465Z
0022200661,584,4,PT04M41.00S,"Young S.FOUL (P4.PN) (A.Nagy)","J. Butler III",MIA,"T. Young",ATL,A.Nagy,NO,"Contest",2026-06-30T14:49:22.232Z
0022100957,47,1,PT07M40.00S,"Hampton S.FOUL (P2.T3) (B.Schwab)","J. Jackson Jr.",MEM,"R. Hampton",ORL,B.Schwab,NO,"",2026-06-30T14:49:32.655Z
0022200124,465,3,PT01M47.00S,"Caruso S.FOUL (P3.PN) (R.Acosta)","J. Brown",BOS,"A. Caruso",CHI,R.Acosta,YES,"",2026-06-30T14:50:06.211Z
0021900182,23,1,PT10M20.00S,"Hunter S.FOUL (P1.T2) (J.Van Duyne)","P. George",LAC,"D. Hunter",ATL,,NO,"",2026-06-30T14:50:12.443Z
0022101157,593,4,PT04M41.00S,"Krejci S.FOUL (P4.T4) (N.Buchert)","F. Jackson",DET,"V. Krejčí",OKC,N.Buchert,YES,"",2026-06-30T14:50:19.584Z
0022200286,351,3,PT08M56.00S,"Boucher S.FOUL (P1.T2) (B.Barnaky)","D. Finney-Smith",DAL,"C. Boucher",TOR,B.Barnaky,UNCLEAR,"This clip does not show a shooting foul",2026-06-30T14:50:21.334Z
0022200960,606,4,PT02M36.00S,"G. Antetokounmpo S.FOUL (P5.PN) (M.Kogut)","J. McDaniels",PHI,"G. Antetokounmpo",MIL,M.Kogut,YES,"",2026-06-30T14:50:28.423Z
0022101074,136,1,PT00M00.90S,"Milton S.FOUL (P1.PN) (S.Twardoski)","J. Butler III",MIA,"S. Milton",PHI,S.Twardoski,YES,"Borderline",2026-06-30T14:50:29.725Z
0022000033,144,1,PT01M06.00S,"Smith S.FOUL (P1.PN) (H.Workman)","T. Ross",ORL,"I. Smith",WAS,H.Workman,NO,"Contest",2026-06-30T14:50:31.257Z
0021900673,197,2,PT10M36.00S,"Green S.FOUL (P2.T2) (M.Smith)","K. Olynyk",MIA,"J. Green",LAC,M.Smith,NO,"",2026-06-30T14:50:32.777Z
0042300164,29,1,PT09M36.00S,"O'Neale S.FOUL (P1.T2) (P.Fraher)","J. McDaniels",MIN,"R. O'Neale",PHX,P.Fraher,YES,"",2026-06-30T14:50:43.862Z
0022000921,520,4,PT05M45.00S,"Osman S.FOUL (P3.T4) (C.Kirkland)","M. Flynn",TOR,"C. Osman",CLE,C.Kirkland,YES,"",2026-06-30T14:50:55.063Z
0022300304,266,2,PT04M15.00S,"Powell S.FOUL (P2.PN) (J.Goble)","S. Sharpe",POR,"N. Powell",LAC,J.Goble,YES,"",2026-06-30T14:50:56.831Z
0022300982,612,4,PT01M41.00S,"Moon S.FOUL (P2.PN) (J.Tiven)","V. Krejčí",ATL,"X. Moon",LAC,J.Tiven,YES,"",2026-06-30T14:50:58.167Z
0021900278,429,3,PT06M09.00S,"LaVine S.FOUL (P2.T2) (D.Richardson)","D. Lillard",POR,"Z. LaVine",CHI,D.Richardson,NO,"",2026-06-30T14:51:04.731Z
0022101000,373,2,PT00M01.80S,"Bane S.FOUL (P3.PN) (C.Kirkland)","E. Fournier",NYK,"D. Bane",MEM,C.Kirkland,NO,"",2026-06-30T14:51:06.368Z
0022100278,40,1,PT09M00.00S,"Poole S.FOUL (P1.T1) (K.Fitzgerald)","S. Curry",PHI,"J. Poole",GSW,K.Fitzgerald,YES,"",2026-06-30T14:51:13.406Z
0022200322,167,2,PT11M13.00S,"Batum S.FOUL (P1.T1) (S.Mitchell)","L. Markkanen",UTA,"N. Batum",LAC,S.Mitchell,YES,"",2026-06-30T14:51:14.822Z
0022100505,636,4,PT02M21.00S,"Anderson S.FOUL (P4.PN) (J.Butler)","C. Johnson",PHX,"K. Anderson",MEM,J.Butler,YES,"",2026-06-30T14:51:20.581Z
0021900459,290,2,PT01M40.00S,"Millsap S.FOUL (P1.T3) (M.Kogut)","J. Redick",NOP,"P. Millsap",DEN,M.Kogut,YES,"",2026-06-30T14:51:25.591Z
0022001038,483,4,PT10M59.00S,"G. Antetokounmpo S.FOUL (P4.T1) (N.Buchert)","C. Randle",ORL,"G. Antetokounmpo",MIL,N.Buchert,YES,"",2026-06-30T14:51:27.076Z
0022000142,479,4,PT11M13.00S,"Williams S.FOUL (P1.T2) (Z.Zarba)","L. Williams",LAC,"P. Williams",CHI,Z.Zarba,NO,"",2026-06-30T14:51:28.830Z
0021900094,599,4,PT10M57.00S,"Teague S.FOUL (P4.T2) (S.Wall)","E. Bledsoe",MIL,"J. Teague",MIN,S.Wall,NO,"Contact happens slightly after the shot but still at the contest level",2026-06-30T14:51:30.294Z
0022300605,419,3,PT03M43.00S,"Reddish S.FOUL (P1.T1) (M.Dagher)","J. Grant",POR,"C. Reddish",LAL,M.Dagher,YES,"",2026-06-30T14:51:31.747Z
0021900736,610,4,PT06M37.00S,"Bjelica S.FOUL (P5.PN) (M.Davis)","K. Caldwell-Pope",LAL,"N. Bjelica",SAC,M.Davis,YES,"",2026-06-30T14:51:32.869Z
0022200433,341,3,PT11M01.00S,"VanVleet S.FOUL (P2.T1) (S.Wright)","K. Irving",BKN,"F. VanVleet",TOR,S.Wright,NO,"Looks like at the contest level",2026-06-30T14:51:34.238Z
0022100375,585,4,PT00M56.80S,"Ingram S.FOUL (P5.PN) (Z.Zarba)","M. Morris",DEN,"B. Ingram",NOP,Z.Zarba,YES,"",2026-06-30T14:51:35.414Z
0022200240,62,1,PT07M29.00S,"Randle S.FOUL (P1.T3) (T.Ford)","C. Payne",PHX,"J. Randle",NYK,T.Ford,YES,"",2026-06-30T14:51:41.027Z
0022200396,459,3,PT00M17.10S,"Beverley S.FOUL (P4.T2) (T.Ricks)","B. Bogdanović",DET,"P. Beverley",LAL,T.Ricks,NO,"",2026-06-30T14:51:50.373Z
0022201170,709,5,PT02M58.00S,"Murray S.FOUL (P3.T1) (N.Buchert)","D. McDermott",SAS,"K. Murray",SAC,N.Buchert,NO,"",2026-06-30T14:51:58.235Z
0022300060,174,1,PT00M19.00S,"Monk S.FOUL (P1.T4) (J.Williams)","K. Thompson",GSW,"M. Monk",SAC,J.Williams,YES,"",2026-06-30T14:51:59.802Z
0022200174,485,3,PT00M40.30S,"McDaniels S.FOUL (P3.PN) (M.Ervin)","J. Butler III",MIA,"J. McDaniels",CHA,M.Ervin,YES,"",2026-06-30T14:52:07.302Z
0022100670,629,4,PT03M04.00S,"Huerter S.FOUL (P4.PN) (B.Kennedy)","D. Russell",MIN,"K. Huerter",ATL,B.Kennedy,NO,"",2026-06-30T14:52:16.857Z
0022001049,137,1,PT03M08.00S,"Hall S.FOUL (P1.T4) (B.Adair)","D. Gallinari",ATL,"D. Hall",ORL,B.Adair,NO,"",2026-06-30T14:52:27.358Z
0021900946,612,4,PT04M51.00S,"White S.FOUL (P3.PN) (J.Butler)","S. Dinwiddie",BKN,"C. White",CHI,J.Butler,YES,"",2026-06-30T14:52:28.981Z
0022400001,379,3,PT09M57.00S,"Johnson S.FOUL (P3.T1) (C.Kirkland)","J. Tatum",BOS,"J. Johnson",ATL,C.Kirkland,NO,"",2026-06-30T14:52:30.290Z
0022401049,552,4,PT11M34.00S,"Holiday S.FOUL (P1.T1) (J.Tiven)","V. Krejčí",ATL,"A. Holiday",HOU,J.Tiven,YES,"",2026-06-30T14:52:38.935Z
0022300676,69,1,PT05M57.00S,"Jones S.FOUL (P1.T3) (J.Orr)","A. Coffey",LAC,"T. Jones",WAS,J.Orr,NO,"Contest/Reach-In",2026-06-30T14:52:40.840Z
0022000614,421,3,PT03M08.00S,"Alexander-Walker S.FOUL (P1.T3) (E.Dalen)","D. Lillard",POR,"N. Alexander-Walker",NOP,E.Dalen,NO,"",2026-06-30T14:52:49.773Z
0022200833,513,4,PT08M34.00S,"Dosunmu S.FOUL (P3.T3) (E.Malloy)","S. Dinwiddie",BKN,"A. Dosunmu",CHI,E.Malloy,NO,"",2026-06-30T14:53:00.107Z
0022300155,356,2,PT00M00.10S,"Young S.FOUL (P1.PN) (T.Maddox)","L. Dort",OKC,"T. Young",ATL,T.Maddox,NO,"",2026-06-30T14:53:04.885Z
0021900200,163,2,PT11M32.00S,"Bjelica S.FOUL (P2.T1) (D.Richardson)","M. Bridges",PHX,"N. Bjelica",SAC,D.Richardson,YES,"",2026-06-30T14:53:12.663Z
0022000411,450,3,PT03M08.00S,"Finney-Smith S.FOUL (P3.PN) (J.Butler)","D. Lillard",POR,"D. Finney-Smith",DAL,J.Butler,NO,"",2026-06-30T14:53:20.811Z
0021900622,653,4,PT00M52.30S,"Clarke S.FOUL (P5.PN) (J.Orr)","K. Love",CLE,"B. Clarke",MEM,J.Orr,NO,"Love pumps his defender into the air and jumps into him before shooting",2026-06-30T14:53:22.729Z
0022001016,252,2,PT03M46.00S,"Brooks S.FOUL (P2.PN) (M.Davis)","J. Clarkson",UTA,"A. Brooks",HOU,M.Davis,YES,"",2026-06-30T14:53:24.197Z
0022401112,394,3,PT07M49.00S,"Jones S.FOUL (P3.T3) (M.Davis)","K. Caldwell-Pope",ORL,"C. Jones",WAS,M.Davis,NO,"",2026-06-30T14:53:25.547Z
0021900867,240,2,PT06M37.00S,"Collins S.FOUL (P1.PN) (B.Forte)","T. Ross",ORL,"J. Collins",ATL,B.Forte,YES,"",2026-06-30T14:53:33.568Z
0022400996,349,3,PT09M35.00S,"Lopez S.FOUL (P3.T2) (D.Collins)","D. Knecht",LAL,"B. Lopez",MIL,D.Collins,YES,"",2026-06-30T14:53:41.330Z
0022000915,260,2,PT03M26.00S,"Hield S.FOUL (P2.PN) (Z.Zarba)","S. Curry",GSW,"B. Hield",SAC,Z.Zarba,NO,"",2026-06-30T14:53:42.856Z
0022301043,507,4,PT09M36.00S,"Sheppard S.FOUL (P3.T1) (J.Orr)","J. Harden",LAC,"B. Sheppard",IND,J.Orr,NO,"",2026-06-30T14:53:58.335Z
0022101070,85,1,PT05M14.00S,"Thompson S.FOUL (P1.T4) (N.Sago)","J. Richardson",SAS,"K. Thompson",GSW,N.Sago,YES,"",2026-06-30T14:54:05.247Z
0022100115,32,1,PT09M22.00S,"Okogie S.FOUL (P1.T1) (M.Davis)","P. George",LAC,"J. Okogie",MIN,M.Davis,NO,"Contest",2026-06-30T14:54:06.906Z
0022300684,344,3,PT11M22.00S,"Brown S.FOUL (P1.T1) (G.Petraitis)","A. Reaves",LAL,"J. Brown",BOS,G.Petraitis,YES,"",2026-06-30T14:54:14.092Z
0022100288,499,4,PT10M29.00S,"Campazzo S.FOUL (P4.T1) (G.Petraitis)","K. Middleton",MIL,"F. Campazzo",DEN,G.Petraitis,NO,"Contact after shot but arm contact not related to landing zone",2026-06-30T14:54:15.615Z
0021901304,636,4,PT06M32.00S,"J. Holiday S.FOUL (P2.T3) (S.Corbin)","J. Harden",HOU,"J. Holiday",IND,S.Corbin,NO,"Contest/Reach-in level",2026-06-30T14:54:17.152Z
0022000458,120,1,PT03M18.00S,"Quickley S.FOUL (P1.T4) (J.DeRosa)","P. Mills",SAS,"I. Quickley",NYK,J.DeRosa,YES,"",2026-06-30T14:54:28.398Z
0022301222,716,5,PT04M48.00S,"Thompson S.FOUL (P4.T1) (C.Blair)","I. Joe",OKC,"K. Thompson",GSW,C.Blair,NO,"",2026-06-30T14:54:50.046Z
0022300287,223,2,PT10M37.00S,"Curry S.FOUL (P2.T2) (D.Richardson)","D. Bertans",OKC,"S. Curry",DAL,D.Richardson,NO,"",2026-06-30T14:54:53.885Z
0022001049,305,2,PT00M29.00S,"Harris S.FOUL (P2.T1) (A.Smith)","B. Bogdanović",ATL,"G. Harris",ORL,A.Smith,NO,"Contest",2026-06-30T14:54:55.165Z
0021901249,670,4,PT03M12.00S,"Finney-Smith S.FOUL (P2.T4) (P.Fraher)","D. Booker",PHX,"D. Finney-Smith",DAL,P.Fraher,NO,"",2026-06-30T14:55:38.626Z
0022100617,532,4,PT11M37.00S,"Joseph S.FOUL (P2.T1) (G.Petraitis)","L. Shamet",PHX,"C. Joseph",DET,G.Petraitis,YES,"",2026-06-30T14:55:41.994Z
0022301097,23,1,PT10M34.00S,"Irving S.FOUL (P1.T1) (K.Scott)","M. Moody",GSW,"K. Irving",DAL,K.Scott,NO,"Contest foul",2026-06-30T14:55:43.103Z
0021900645,618,4,PT04M27.00S,"Harden S.FOUL (P2.T4) (K.Cutler)","D. Gallinari",OKC,"J. Harden",HOU,K.Cutler,YES,"",2026-06-30T14:55:51.947Z
0022100297,483,3,PT00M01.90S,"Augustin S.FOUL (P2.PN) (C.Kirkland)","T. Rozier",CHA,"D. Augustin",HOU,C.Kirkland,NO,"",2026-06-30T14:55:57.907Z
0022400666,33,1,PT09M27.00S,"Brown S.FOUL (P1.T1) (B.Barnaky)","L. Ball",CHI,"J. Brown",BOS,B.Barnaky,YES,"",2026-06-30T14:56:07.062Z
0022000373,124,1,PT00M32.50S,"Jokic S.FOUL (P1.T2) (S.Wright)","K. Middleton",MIL,"N. Jokić",DEN,S.Wright,YES,"",2026-06-30T14:56:13.286Z
0021901318,628,4,PT00M45.70S,"Johnson S.FOUL (P5.PN) (T.Brown)","P. Dozier",DEN,"S. Johnson",TOR,T.Brown,NO,"",2026-06-30T14:56:31.828Z
0022400601,686,4,PT04M14.00S,"Reid S.FOUL (P2.T4) (J.Ralls)","J. Wells",MEM,"N. Reid",MIN,J.Ralls,YES,"",2026-06-30T14:56:40.583Z
0021900798,283,2,PT00M39.00S,"Kleber S.FOUL (P1.PN) (T.Brown)","D. Mitchell",UTA,"M. Kleber",DAL,T.Brown,NO,"",2026-06-30T14:56:51.000Z
0022000672,308,2,PT00M28.90S,"House Jr. S.FOUL (P2.PN) (J.Williams)","T. Rozier",CHA,"D. House Jr.",HOU,J.Williams,YES,"",2026-06-30T14:56:56.866Z
0021900430,367,3,PT08M07.00S,"Bogdanovic S.FOUL (P1.T3) (J.Goble)","T. Rozier",CHA,"B. Bogdanović",UTA,J.Goble,YES,"",2026-06-30T14:57:02.778Z
0022300272,323,2,PT01M23.00S,"Young S.FOUL (P1.PN) (J.Orr)","K. Johnson",SAS,"T. Young",ATL,J.Orr,NO,"",2026-06-30T14:57:10.357Z
0022101057,392,3,PT03M39.00S,"White S.FOUL (P3.PN) (N.Sago)","D. DiVincenzo",SAC,"D. White",BOS,N.Sago,NO,"",2026-06-30T14:57:19.451Z
0022300812,587,4,PT04M36.00S,"Banton S.FOUL (P1.T4) (M.Kogut)","K. Caldwell-Pope",DEN,"D. Banton",POR,M.Kogut,NO,"",2026-06-30T14:57:27.934Z
0022200414,362,2,PT00M06.00S,"Plumlee S.FOUL (P1.PN) (D.Guthrie)","A. Burks",DET,"M. Plumlee",CHA,D.Guthrie,YES,"",2026-06-30T14:57:34.279Z
0021900028,532,4,PT11M24.00S,"Hunter S.FOUL (P4.T1) (L.Richardson)","T. Ross",ORL,"D. Hunter",ATL,L.Richardson,NO,"",2026-06-30T14:57:39.907Z
0022300025,283,2,PT04M40.00S,"Wiggins S.FOUL (P1.T3) (T.Ford)","A. Edwards",MIN,"A. Wiggins",GSW,T.Ford,NO,"",2026-06-30T14:57:49.064Z
0022101087,153,2,PT11M46.00S,"Forrest S.FOUL (P2.T1) (K.Cutler)","J. Tatum",BOS,"T. Forrest",UTA,K.Cutler,UNCLEAR,"",2026-06-30T14:58:13.530Z
0022001065,489,4,PT11M12.00S,"Weatherspoon S.FOUL (P3.T1) (T.Brothers)","L. Galloway",PHX,"Q. Weatherspoon",SAS,T.Brothers,NO,"",2026-06-30T14:59:16.822Z
0022401038,561,4,PT05M39.00S,"Caldwell-Pope S.FOUL (P2.PN) (J.Goble)","L. Dončić",LAL,"K. Caldwell-Pope",ORL,J.Goble,YES,"",2026-06-30T14:59:18.666Z
0022101000,683,4,PT04M33.00S,"Randle S.FOUL (P4.PN) (C.Kirkland)","J. Jackson Jr.",MEM,"J. Randle",NYK,C.Kirkland,NO,"",2026-06-30T14:59:39.919Z
0022200656,539,4,PT08M40.00S,"Smith Jr. S.FOUL (P3.T4) (Z.Zarba)","D. White",BOS,"D. Smith Jr.",CHA,Z.Zarba,YES,"",2026-06-30T14:59:41.557Z
0021900153,368,3,PT08M04.00S,"McCollum S.FOUL (P1.T2) (K.Lane)","B. Hield",SAC,"C. McCollum",POR,K.Lane,YES,"",2026-06-30T14:59:42.757Z
0022000268,597,4,PT03M47.00S,"Mann S.FOUL (P4.T3) (S.Wall)","T. Young",ATL,"T. Mann",LAC,S.Wall,NO,"Classic Trae Young jumps into defender",2026-06-30T14:59:44.141Z
0022300775,492,4,PT11M45.00S,"Alexander-Walker S.FOUL (P2.T1) (S.Mitchell)","S. Henderson",POR,"N. Alexander-Walker",MIN,S.Mitchell,NO,"",2026-06-30T15:00:36.269Z
0021901271,54,1,PT07M27.00S,"Porzingis S.FOUL (P1.T2) (G.Petraitis)","M. Morris Sr.",LAC,"K. Porziņģis",DAL,G.Petraitis,YES,"",2026-06-30T15:00:46.246Z
0022200807,585,4,PT06M32.00S,"Jones S.FOUL (P2.T4) (N.Green)","K. Ellis",SAC,"H. Jones",NOP,N.Green,YES,"",2026-06-30T15:00:47.837Z
0022300645,540,4,PT10M11.00S,"VanVleet S.FOUL (P5.T2) (S.Wall)","C. Thomas",BKN,"F. VanVleet",HOU,S.Wall,NO,"Pumps VavVleet into the air and jumps into him for the foul",2026-06-30T15:00:49.200Z
0022100800,152,1,PT01M29.00S,"Connaughton S.FOUL (P1.T3) (J.Goble)","B. McLemore",POR,"P. Connaughton",MIL,J.Goble,NO,"",2026-06-30T15:00:50.753Z
0022001063,192,2,PT10M40.00S,"McLaughlin S.FOUL (P1.T1) (N.Buchert)","T. Waters",BOS,"J. McLaughlin",MIN,N.Buchert,NO,"",2026-06-30T15:00:59.379Z
0022300896,389,3,PT06M23.00S,"Williams Jr. S.FOUL (P2.T2) (S.Foster)","N. Batum",PHI,"V. Williams Jr.",MEM,S.Foster,YES,"",2026-06-30T15:01:00.833Z
0022401146,467,3,PT02M36.00S,"Pippen Jr. S.FOUL (P2.T4) (J.Butler)","S. Curry",CHA,"S. Pippen Jr.",MEM,J.Butler,YES,"",2026-06-30T15:01:01.992Z
0022200289,594,4,PT03M38.00S,"Bridges S.FOUL (P1.T2) (G.Petraitis)","L. Markkanen",UTA,"M. Bridges",PHX,G.Petraitis,YES,"",2026-06-30T15:01:08.244Z
0022100819,194,2,PT08M33.00S,"Temple S.FOUL (P1.T3) (P.Ransom)","G. Mathews",HOU,"G. Temple",NOP,P.Ransom,NO,"",2026-06-30T15:01:15.264Z
0022300214,799,6,PT04M45.00S,"Agbaji S.FOUL (P4.T1) (A.Moyer-Gleich)","K. Durant",PHX,"O. Agbaji",UTA,,YES,"",2026-06-30T15:01:47.309Z
0022300336,317,2,PT01M30.00S,"Mitchell S.FOUL (P1.PN) (T.Ricks)","D. Murray",ATL,"D. Mitchell",CLE,T.Ricks,YES,"",2026-06-30T15:01:54.859Z
0022201073,157,2,PT11M28.00S,"McLaughlin S.FOUL (P1.T1) (E.Lewis)","I. Quickley",NYK,"J. McLaughlin",MIN,E.Lewis,NO,"",2026-06-30T15:02:21.602Z
0022000541,22,1,PT09M24.00S,"Barrett S.FOUL (P1.T1) (S.Jelks)","L. Walker IV",SAS,"R. Barrett",NYK,S.Jelks,YES,"",2026-06-30T15:02:31.833Z
0022300024,277,2,PT02M14.00S,"Jackson S.FOUL (P2.PN) (N.Sago)","N. Powell",LAC,"R. Jackson",DEN,N.Sago,NO,"",2026-06-30T15:02:39.146Z
0022400591,446,3,PT05M04.00S,"Brooks S.FOUL (P2.T2) (M.Dagher)","S. Henderson",POR,"D. Brooks",HOU,M.Dagher,NO,"",2026-06-30T15:02:49.625Z
0022100788,589,4,PT04M00.00S,"Williams S.FOUL (P2.T4) (B.Barnaky)","S. Bey",DET,"G. Williams",BOS,B.Barnaky,YES,"",2026-06-30T15:02:55.910Z
0022100907,360,3,PT08M03.00S,"Neto S.FOUL (P1.T1) (C.Kirkland)","L. Markkanen",CLE,"R. Neto",WAS,C.Kirkland,YES,"",2026-06-30T15:03:03.725Z
0022300751,433,3,PT01M15.00S,"Mann S.FOUL (P1.PN) (J.Goble)","L. Kennard",MEM,"T. Mann",CHA,J.Goble,YES,"",2026-06-30T15:03:09.793Z
0022100165,678,4,PT02M18.00S,"Alexander-Walker S.FOUL (P1.T3) (S.Foster)","L. Dort",OKC,"N. Alexander-Walker",NOP,S.Foster,UNCLEAR,"This is a jump ball",2026-06-30T15:03:31.799Z
0022301191,133,1,PT02M12.00S,"Fultz S.FOUL (P1.T4) (J.Williams)","D. Lillard",MIL,"M. Fultz",ORL,J.Williams,NO,"",2026-06-30T15:03:53.425Z
0022100172,139,1,PT00M15.20S,"Bitadze S.FOUL (P1.T4) (R.Acosta)","J. Clarkson",UTA,"G. Bitadze",IND,R.Acosta,YES,"",2026-06-30T15:03:59.659Z
0022200229,207,2,PT10M34.00S,"K. Williams S.FOUL (P1.T1) (M.Smith)","J. Jackson Jr.",MEM,"K. Williams",OKC,M.Smith,NO,"",2026-06-30T15:04:06.467Z
0022300598,175,2,PT11M42.00S,"Tate S.FOUL (P1.T1) (M.Myers)","J. Clarkson",UTA,"J. Tate",HOU,M.Myers,YES,"",2026-06-30T15:04:08.021Z
0021900737,311,2,PT01M19.00S,"Harris S.FOUL (P1.T4) (T.Maddox)","S. Mykhailiuk",DET,"G. Harris",DEN,T.Maddox,NO,"",2026-06-30T15:04:13.572Z
0022300402,366,3,PT09M01.00S,"Podziemski S.FOUL (P1.T2) (M.Smith)","J. Murray",DEN,"B. Podziemski",GSW,M.Smith,NO,"",2026-06-30T15:04:20.571Z
0022001019,361,3,PT05M47.00S,"Randle S.FOUL (P3.T4) (E.Lewis)","M. Morris Sr.",LAC,"J. Randle",NYK,E.Lewis,YES,"",2026-06-30T15:04:31.296Z
0022400955,203,2,PT10M10.00S,"Reaves S.FOUL (P2.T3) (C.Kirkland)","D. Lillard",MIL,"A. Reaves",LAL,C.Kirkland,NO,"",2026-06-30T15:04:38.260Z
0022000521,152,1,PT00M00.90S,"Stewart S.FOUL (P1.PN) (T.Brothers)","I. Quickley",NYK,"I. Stewart",DET,T.Brothers,NO,"",2026-06-30T15:04:43.208Z
0022000636,330,3,PT11M50.00S,"Green S.FOUL (P2.T1) (S.Corbin)","K. Anderson",MEM,"D. Green",GSW,S.Corbin,NO,"",2026-06-30T15:05:33.851Z
0022200343,403,3,PT04M15.00S,"Beasley S.FOUL (P1.T4) (T.Brothers)","A. Simons",POR,"M. Beasley",UTA,T.Brothers,YES,"",2026-06-30T15:05:40.444Z
0022000768,504,4,PT09M55.00S,"Martin Jr. S.FOUL (P2.T2) (M.Kogut)","C. Paul",PHX,"K. Martin",HOU,M.Kogut,YES,"",2026-06-30T15:05:48.493Z
0022200416,325,2,PT02M05.00S,"Banchero S.FOUL (P2.T4) (J.Conley)","D. Hunter",ATL,"P. Banchero",ORL,J.Conley,YES,"",2026-06-30T15:05:55.431Z
0021900203,68,1,PT07M11.00S,"Brown Jr. S.FOUL (P1.PN) (M.Boland)","B. Forbes",SAS,"T. Brown Jr.",WAS,M.Boland,YES,"",2026-06-30T15:06:03.238Z
0022401084,473,3,PT09M28.00S,"Schroder S.FOUL (P4.T1) (J.Goldenberg)","M. Conley",MIN,"D. Schröder",DET,J.Goldenberg,NO,"",2026-06-30T15:06:26.081Z
0022400314,496,4,PT08M38.00S,"Strawther S.FOUL (P1.T2) (J.Butler)","J. Harden",LAC,"J. Strawther",DEN,J.Butler,YES,"",2026-06-30T15:06:49.999Z
0022400249,620,4,PT03M14.00S,"Booker S.FOUL (P5.T3) (J.Butler)","F. Wagner",ORL,"D. Booker",PHX,J.Butler,YES,"",2026-06-30T15:07:02.969Z
0022001004,301,2,PT02M29.00S,"Brazdeikis S.FOUL (P1.PN) (Z.Zarba)","C. Martin",CHA,"I. Brazdeikis",ORL,Z.Zarba,NO,"",2026-06-30T15:07:04.392Z
0022200121,361,3,PT11M01.00S,"Turner S.FOUL (P3.T1) (E.Malloy)","K. Lowry",MIA,"M. Turner",IND,E.Malloy,YES,"",2026-06-30T15:07:05.493Z
0021900486,8,1,PT11M29.00S,"Ferguson S.FOUL (P1.T1) (B.Nansel)","K. Lowry",TOR,"T. Ferguson",OKC,B.Nansel,YES,"",2026-06-30T15:07:44.251Z
0022000634,285,2,PT01M30.00S,"Watson S.FOUL (P3.T3) (C.Washington)","D. Mitchell",UTA,"P. Watson",TOR,C.Washington,NO,"",2026-06-30T15:07:51.002Z
0022000685,7,1,PT11M46.00S,"DiVincenzo S.FOUL (P1.T1) (E.Malloy)","K. Walker",BOS,"D. DiVincenzo",MIL,E.Malloy,NO,"",2026-06-30T15:07:59.012Z
0022100498,582,3,PT00M45.70S,"Stanley S.FOUL (P2.PN) (S.Wright)","B. Forbes",SAS,"C. Stanley",DET,S.Wright,UNCLEAR,"Clip doesn't show a foul",2026-06-30T15:08:02.382Z
0022001055,502,3,PT00M04.30S,"Scott S.FOUL (P1.PN) (B.Forte)","C. Randle",ORL,"M. Scott",PHI,B.Forte,YES,"",2026-06-30T15:08:11.230Z
0022301156,340,3,PT10M30.00S,"Mann S.FOUL (P2.T1) (P.Ransom)","D. Booker",PHX,"T. Mann",LAC,P.Ransom,YES,"",2026-06-30T15:08:35.563Z
0022201101,166,2,PT11M49.00S,"Holiday S.FOUL (P1.T1) (E.Scott)","S. Mykhailiuk",CHA,"J. Holiday",DAL,E.Scott,YES,"",2026-06-30T15:08:54.077Z
0022100697,11,1,PT11M14.00S,"Bridges S.FOUL (P1.T1) (J.DeRosa)","J. Holiday",IND,"M. Bridges",PHX,J.DeRosa,YES,"",2026-06-30T15:08:55.695Z
0022000305,194,2,PT08M35.00S,"Bey S.FOUL (P1.T2) (K.Cutler)","J. Poole",GSW,"S. Bey",DET,K.Cutler,NO,"",2026-06-30T15:09:25.630Z
0022200592,308,2,PT00M00.20S,"Olynyk S.FOUL (P2.PN) (M.Smith)","Z. LaVine",CHI,"K. Olynyk",UTA,M.Smith,NO,"Contest level",2026-06-30T15:09:43.352Z